{"UTKUSDT": 1784884390.0109656, "ARBUSDT": 1784567477.810302}