{"UTKUSDT": 1784546604.6253347, "ARBUSDT": 1784567477.810302}