{"UTKUSDT": 1784713041.9536166, "ARBUSDT": 1784567477.810302}