{"LDOUSDT": 1784141247.7897298, "ORDIUSDT": 1784141247.7897298, "PYTHUSDT": 1784185871.9177105, "PARTIUSDT": 1784203939.0008137, "CFGUSDT": 1784220730.3350334, "PUMPUSDT": 1784220730.3350334, "PLUMEUSDT": 1784232830.7487726, "LTCUSDT": 1784396593.8376064, "SPCXBUSDT": 1784396593.8376064, "PEPEUSDT": 1784446931.2961543, "TAOUSDT": 1784446931.2961543, "MANTRAUSDT": 1784461110.71682, "SUIUSDT": 1784461110.71682, "KAITOUSDT": 1784592493.8743117, "FILUSDT": 1784626788.905659}