{"ATMUSDT": 1783949508.524038, "JUPUSDT": 1784199648.1514683, "POLUSDT": 1783949508.524038, "SYNUSDT": 1784203832.8174064, "RIFUSDT": 1783949508.524038, "DASHUSDT": 1784190921.8361592, "AVAXUSDT": 1784206237.1323674, "HBARUSDT": 1784205042.3741229, "UNIUSDT": 1784190640.0175996, "XLMUSDT": 1783949508.524038, "INJUSDT": 1784190322.4905767, "DCRUSDT": 1784190921.8361592, "EURUSDT": 1784199919.2591898, "DEXEUSDT": 1784206519.5692227, "ADAUSDT": 1783949508.524038, "ENAUSDT": 1784208921.0794103, "JSTUSDT": 1784107497.3565173, "LTCUSDT": 1784190640.0175996, "TAOUSDT": 1784190322.4905767, "JTOUSDT": 1783949508.524038, "PEPEUSDT": 1783949508.524038, "DOTUSDT": 1784203247.4945383, "WLDUSDT": 1784190322.4905767, "TRXUSDT": 1783949508.524038, "NEARUSDT": 1784208921.0794103, "PAXGUSDT": 1784204435.0425088, "CRVUSDT": 1783975328.1924736, "PENDLEUSDT": 1784201720.2915542, "ALGOUSDT": 1784211325.960116, "TLMUSDT": 1784047529.806587, "ARBUSDT": 1784211325.960116, "RENDERUSDT": 1784208038.261281, "SUIUSDT": 1784190322.4905767, "LINKUSDT": 1783954821.9139318, "BCHUSDT": 1784196636.7406704, "FETUSDT": 1784190322.4905767, "ICPUSDT": 1784191524.5628362, "FILUSDT": 1784141231.3775945, "SHIBUSDT": 1784190921.8361592, "APTUSDT": 1784190322.4905767, "DOGEUSDT": 1784190322.4905767, "AAVEUSDT": 1784190322.4905767, "ZECUSDT": 1784190322.4905767, "TIAUSDT": 1783954821.9139318, "THEUSDT": 1783985869.7352102, "EGLDUSDT": 1784013753.8335233, "VANAUSDT": 1784013753.8335233, "ETCUSDT": 1784194250.256763, "EDUUSDT": 1784047529.806587, "VANRYUSDT": 1784047529.806587, "SANTOSUSDT": 1784061686.42895, "PORTOUSDT": 1784192120.4968674, "LAZIOUSDT": 1784061686.42895, "ATOMUSDT": 1784196925.6053946, "ZROUSDT": 1784107497.3565173, "PYTHUSDT": 1784211325.960116, "ZENUSDT": 1784107497.3565173, "BONKUSDT": 1784185950.554385, "GNOUSDT": 1784128220.415051, "DODOUSDT": 1784209837.6547427, "ETHFIUSDT": 1784141231.3775945, "ANKRUSDT": 1784141231.3775945, "ENJUSDT": 1784141231.3775945, "ORDIUSDT": 1784141231.3775945, "LDOUSDT": 1784190640.0175996, "SKLUSDT": 1784141231.3775945, "DGBUSDT": 1784194833.6227047, "CAKEUSDT": 1784202919.2177405, "GALAUSDT": 1784190322.4905767, "PYRUSDT": 1784200523.0650125, "SEIUSDT": 1784207433.3674963, "AXSUSDT": 1784202634.4146042, "BARUSDT": 1784201443.2358942, "JASMYUSDT": 1784194521.0477068, "ZKUSDT": 1784206237.1323674, "TUSDT": 1784204435.0425088, "WIFUSDT": 1784208321.34376, "AGLDUSDT": 1784209234.3693862, "CHZUSDT": 1784208642.2443573, "WUSDT": 1784201120.5696428, "RUNEUSDT": 1784201120.5696428, "IDUSDT": 1784206237.1323674, "EIGENUSDT": 1784208321.34376, "LUMIAUSDT": 1784208642.2443573, "DYDXUSDT": 1784210122.5367334}