{"LDOUSDT": 1784141247.7897298, "ORDIUSDT": 1784141247.7897298}