{"AKEUSDT": 1784181289.9229922, "PENGUUSDT": 1784277407.2211795, "LABUSDT": 1784277407.2211795, "ONDOUSDT": 1784277407.2211795, "HYPEUSDT": 1784277407.2211795, "BTCUSDT": 1784277407.2211795, "ETHUSDT": 1784277407.2211795, "SOLUSDT": 1784277407.2211795, "ARROWUSDT": 1784181289.9229922, "XPLUSDT": 1784181289.9229922, "PIUSDT": 1784181289.9229922, "TAOUSDT": 1784181289.9229922, "SUIUSDT": 1784181289.9229922, "AAVEUSDT": 1784181289.9229922, "ANSEMUSDT": 1784277407.2211795, "CASHCATUSDT": 1784277407.2211795, "BASEDUSDT": 1784203625.1422968, "BANKUSDT": 1784203625.1422968, "ARBUSDT": 1784203625.1422968, "DYDXUSDT": 1784203625.1422968, "LINKUSDT": 1784203625.1422968, "ZIGUSDT": 1784220831.0837455, "ZANOUSDT": 1784220831.0837455, "LITUSDT": 1784220831.0837455, "ZECUSDT": 1784220831.0837455, "NEARUSDT": 1784220831.0837455, "PUMPUSDT": 1784240195.2406044, "VVVUSDT": 1784240195.2406044, "TENDIESUSDT": 1784240195.2406044, "AEROUSDT": 1784240195.2406044, "UNIUSDT": 1784240195.2406044, "ADIUSDT": 1784277407.2211795, "JUPUSDT": 1784277407.2211795}