{"AKEUSDT": 1784389205.6119561, "PENGUUSDT": 1784358844.7827833, "LABUSDT": 1784358844.7827833, "ONDOUSDT": 1784358844.7827833, "HYPEUSDT": 1784358844.7827833, "BTCUSDT": 1784358844.7827833, "ETHUSDT": 1784358844.7827833, "SOLUSDT": 1784358844.7827833, "ARROWUSDT": 1784181289.9229922, "XPLUSDT": 1784181289.9229922, "PIUSDT": 1784410461.003283, "TAOUSDT": 1784389205.6119561, "SUIUSDT": 1784181289.9229922, "AAVEUSDT": 1784181289.9229922, "ANSEMUSDT": 1784358844.7827833, "CASHCATUSDT": 1784358844.7827833, "BASEDUSDT": 1784203625.1422968, "BANKUSDT": 1784203625.1422968, "ARBUSDT": 1784203625.1422968, "DYDXUSDT": 1784203625.1422968, "LINKUSDT": 1784203625.1422968, "ZIGUSDT": 1784220831.0837455, "ZANOUSDT": 1784220831.0837455, "LITUSDT": 1784220831.0837455, "ZECUSDT": 1784220831.0837455, "NEARUSDT": 1784220831.0837455, "PUMPUSDT": 1784410461.003283, "VVVUSDT": 1784389205.6119561, "TENDIESUSDT": 1784324099.9577615, "AEROUSDT": 1784410461.003283, "UNIUSDT": 1784240195.2406044, "ADIUSDT": 1784358844.7827833, "JUPUSDT": 1784277407.2211795, "OXTUSDT": 1784306595.1741283, "SKRUSDT": 1784306595.1741283, "MONUSDT": 1784410461.003283, "XAUTUSDT": 1784306595.1741283, "GRAMUSDT": 1784324099.9577615, "XLMUSDT": 1784389205.6119561, "LRCUSDT": 1784324099.9577615, "TOSHIUSDT": 1784358844.7827833, "POLUSDT": 1784358844.7827833, "INJUSDT": 1784358844.7827833, "HOMEUSDT": 1784358844.7827833, "KASUSDT": 1784358844.7827833, "VIRTUALUSDT": 1784410461.003283}