{"UTKUSDT": 1784447820.082864, "ARBUSDT": 1784319211.3027081}