{"AKEUSDT": 1784181289.9229922, "PENGUUSDT": 1784181289.9229922, "LABUSDT": 1784181289.9229922, "ONDOUSDT": 1784181289.9229922, "HYPEUSDT": 1784181289.9229922, "BTCUSDT": 1784181289.9229922, "ETHUSDT": 1784181289.9229922, "SOLUSDT": 1784181289.9229922, "ARROWUSDT": 1784181289.9229922, "XPLUSDT": 1784181289.9229922, "PIUSDT": 1784181289.9229922, "TAOUSDT": 1784181289.9229922, "SUIUSDT": 1784181289.9229922, "AAVEUSDT": 1784181289.9229922, "ANSEMUSDT": 1784181289.9229922}