{"ATMUSDT": 1783949508.524038, "JUPUSDT": 1783949508.524038, "POLUSDT": 1783949508.524038, "SYNUSDT": 1783949508.524038, "RIFUSDT": 1783949508.524038, "DASHUSDT": 1783949508.524038, "AVAXUSDT": 1783949508.524038, "HBARUSDT": 1783949508.524038, "UNIUSDT": 1783949508.524038, "XLMUSDT": 1783949508.524038, "INJUSDT": 1783949508.524038, "DCRUSDT": 1783949508.524038, "EURUSDT": 1783949508.524038, "DEXEUSDT": 1783949508.524038, "ADAUSDT": 1783949508.524038, "ENAUSDT": 1783949508.524038, "JSTUSDT": 1783949508.524038, "LTCUSDT": 1783949508.524038, "TAOUSDT": 1783949508.524038, "JTOUSDT": 1783949508.524038, "PEPEUSDT": 1783949508.524038, "DOTUSDT": 1783949508.524038, "WLDUSDT": 1783949508.524038, "TRXUSDT": 1783949508.524038, "NEARUSDT": 1783949508.524038}