{"UTKUSDT": 1784626728.358045, "ARBUSDT": 1784567477.810302}