{"ATMUSDT": 1783949508.524038, "JUPUSDT": 1783949508.524038, "POLUSDT": 1783949508.524038, "SYNUSDT": 1783949508.524038, "RIFUSDT": 1783949508.524038, "DASHUSDT": 1784190921.8361592, "AVAXUSDT": 1784190322.4905767, "HBARUSDT": 1783949508.524038, "UNIUSDT": 1784190640.0175996, "XLMUSDT": 1783949508.524038, "INJUSDT": 1784190322.4905767, "DCRUSDT": 1784190921.8361592, "EURUSDT": 1783949508.524038, "DEXEUSDT": 1784094884.7662625, "ADAUSDT": 1783949508.524038, "ENAUSDT": 1784190322.4905767, "JSTUSDT": 1784107497.3565173, "LTCUSDT": 1784190640.0175996, "TAOUSDT": 1784190322.4905767, "JTOUSDT": 1783949508.524038, "PEPEUSDT": 1783949508.524038, "DOTUSDT": 1784190322.4905767, "WLDUSDT": 1784190322.4905767, "TRXUSDT": 1783949508.524038, "NEARUSDT": 1784190322.4905767, "PAXGUSDT": 1783954821.9139318, "CRVUSDT": 1783975328.1924736, "PENDLEUSDT": 1784107497.3565173, "ALGOUSDT": 1783954821.9139318, "TLMUSDT": 1784047529.806587, "ARBUSDT": 1783954821.9139318, "RENDERUSDT": 1784190322.4905767, "SUIUSDT": 1784190322.4905767, "LINKUSDT": 1783954821.9139318, "BCHUSDT": 1783954821.9139318, "FETUSDT": 1784190322.4905767, "ICPUSDT": 1783954821.9139318, "FILUSDT": 1784141231.3775945, "SHIBUSDT": 1784190921.8361592, "APTUSDT": 1784190322.4905767, "DOGEUSDT": 1784190322.4905767, "AAVEUSDT": 1784190322.4905767, "ZECUSDT": 1784190322.4905767, "TIAUSDT": 1783954821.9139318, "THEUSDT": 1783985869.7352102, "EGLDUSDT": 1784013753.8335233, "VANAUSDT": 1784013753.8335233, "ETCUSDT": 1784013753.8335233, "EDUUSDT": 1784047529.806587, "VANRYUSDT": 1784047529.806587, "SANTOSUSDT": 1784061686.42895, "PORTOUSDT": 1784094884.7662625, "LAZIOUSDT": 1784061686.42895, "ATOMUSDT": 1784185950.554385, "ZROUSDT": 1784107497.3565173, "PYTHUSDT": 1784107497.3565173, "ZENUSDT": 1784107497.3565173, "BONKUSDT": 1784185950.554385, "GNOUSDT": 1784128220.415051, "DODOUSDT": 1784128220.415051, "ETHFIUSDT": 1784141231.3775945, "ANKRUSDT": 1784141231.3775945, "ENJUSDT": 1784141231.3775945, "ORDIUSDT": 1784141231.3775945, "LDOUSDT": 1784190640.0175996, "SKLUSDT": 1784141231.3775945, "DGBUSDT": 1784185950.554385, "CAKEUSDT": 1784185950.554385, "GALAUSDT": 1784190322.4905767, "PYRUSDT": 1784190640.0175996}