{"UTKUSDT": 1784358744.8461974, "ARBUSDT": 1784319211.3027081}