{"ATMUSDT": 1783949508.524038, "JUPUSDT": 1783949508.524038, "POLUSDT": 1783949508.524038, "SYNUSDT": 1783949508.524038, "RIFUSDT": 1783949508.524038, "DASHUSDT": 1783949508.524038, "AVAXUSDT": 1783949508.524038, "HBARUSDT": 1783949508.524038, "UNIUSDT": 1783949508.524038, "XLMUSDT": 1783949508.524038, "INJUSDT": 1783949508.524038, "DCRUSDT": 1783949508.524038, "EURUSDT": 1783949508.524038, "DEXEUSDT": 1783949508.524038, "ADAUSDT": 1783949508.524038, "ENAUSDT": 1783949508.524038, "JSTUSDT": 1783949508.524038, "LTCUSDT": 1783949508.524038, "TAOUSDT": 1783949508.524038, "JTOUSDT": 1783949508.524038, "PEPEUSDT": 1783949508.524038, "DOTUSDT": 1783949508.524038, "WLDUSDT": 1783949508.524038, "TRXUSDT": 1783949508.524038, "NEARUSDT": 1783949508.524038, "PAXGUSDT": 1783954821.9139318, "CRVUSDT": 1783954821.9139318, "PENDLEUSDT": 1783954821.9139318, "ALGOUSDT": 1783954821.9139318, "TLMUSDT": 1783954821.9139318, "ARBUSDT": 1783954821.9139318, "RENDERUSDT": 1783954821.9139318, "SUIUSDT": 1783954821.9139318, "LINKUSDT": 1783954821.9139318, "BCHUSDT": 1783954821.9139318, "FETUSDT": 1783954821.9139318, "ICPUSDT": 1783954821.9139318, "FILUSDT": 1783954821.9139318, "SHIBUSDT": 1783954821.9139318, "APTUSDT": 1783954821.9139318, "DOGEUSDT": 1783954821.9139318, "AAVEUSDT": 1783954821.9139318, "ZECUSDT": 1783954821.9139318, "TIAUSDT": 1783954821.9139318}