{"UTKUSDT": 1784273784.8954575, "ARBUSDT": 1784319211.3027081}