{"UTKUSDT": 1784799109.0117106, "ARBUSDT": 1784567477.810302}