{"AKEUSDT": 1784389205.6119561, "PENGUUSDT": 1784628415.651707, "LABUSDT": 1784574780.8058517, "ONDOUSDT": 1784628415.651707, "HYPEUSDT": 1784653396.5579114, "BTCUSDT": 1784628415.651707, "ETHUSDT": 1784628415.651707, "SOLUSDT": 1784628415.651707, "ARROWUSDT": 1784181289.9229922, "XPLUSDT": 1784181289.9229922, "PIUSDT": 1784653396.5579114, "TAOUSDT": 1784653396.5579114, "SUIUSDT": 1784475987.8344622, "AAVEUSDT": 1784574780.8058517, "ANSEMUSDT": 1784653396.5579114, "CASHCATUSDT": 1784628415.651707, "BASEDUSDT": 1784203625.1422968, "BANKUSDT": 1784628415.651707, "ARBUSDT": 1784203625.1422968, "DYDXUSDT": 1784203625.1422968, "LINKUSDT": 1784628415.651707, "ZIGUSDT": 1784220831.0837455, "ZANOUSDT": 1784220831.0837455, "LITUSDT": 1784220831.0837455, "ZECUSDT": 1784220831.0837455, "NEARUSDT": 1784451532.3829603, "PUMPUSDT": 1784653396.5579114, "VVVUSDT": 1784574780.8058517, "TENDIESUSDT": 1784324099.9577615, "AEROUSDT": 1784410461.003283, "UNIUSDT": 1784240195.2406044, "ADIUSDT": 1784546773.3084767, "JUPUSDT": 1784277407.2211795, "OXTUSDT": 1784306595.1741283, "SKRUSDT": 1784306595.1741283, "MONUSDT": 1784628415.651707, "XAUTUSDT": 1784306595.1741283, "GRAMUSDT": 1784653396.5579114, "XLMUSDT": 1784546773.3084767, "LRCUSDT": 1784324099.9577615, "TOSHIUSDT": 1784358844.7827833, "POLUSDT": 1784358844.7827833, "INJUSDT": 1784546773.3084767, "HOMEUSDT": 1784358844.7827833, "KASUSDT": 1784451532.3829603, "VIRTUALUSDT": 1784496974.8347716, "CREDUSDT": 1784451532.3829603, "XMRUSDT": 1784451532.3829603, "KAITOUSDT": 1784451532.3829603, "TLMUSDT": 1784451532.3829603, "PEPEUSDT": 1784451532.3829603, "BONKUSDT": 1784546773.3084767, "XRPUSDT": 1784496974.8347716, "SUSHIUSDT": 1784496974.8347716, "CCDUSDT": 1784496974.8347716, "DOGEUSDT": 1784496974.8347716, "ETHFIUSDT": 1784496974.8347716, "ACEUSDT": 1784546773.3084767, "ZILUSDT": 1784546773.3084767, "ZAMAUSDT": 1784546773.3084767, "ARXUSDT": 1784574780.8058517, "DEXEUSDT": 1784628415.651707, "PONSUSDT": 1784628415.651707, "ERAUSDT": 1784628415.651707}