{"UTKUSDT": 1784546604.6253347, "ARBUSDT": 1784319211.3027081}