{"LDOUSDT": 1784141247.7897298, "ORDIUSDT": 1784141247.7897298, "PYTHUSDT": 1784185871.9177105, "PARTIUSDT": 1784203939.0008137}